index,provinceName,province_confirmedCount,province_curedCount,province_deadCount,updateTime
0,湖北省,64786,18971,2563,2020-02-25
1,黑龙江省,480,243,12,2020-02-25
2,陕西省,245,186,1,2020-02-25
3,天津市,135,91,3,2020-02-25
4,吉林省,93,63,1,2020-02-25
5,江西省,934,683,1,2020-02-25
6,湖南省,1016,768,4,2020-02-25
7,四川省,529,289,3,2020-02-25
8,山东省,756,355,6,2020-02-25
9,海南省,168,124,5,2020-02-25
10,河北省,311,248,6,2020-02-25
11,河南省,1271,1002,19,2020-02-25
12,广西壮族自治区,252,134,2,2020-02-25
13,福建省,294,199,1,2020-02-25
14,浙江省,1205,808,1,2020-02-25
15,广东省,1347,822,7,2020-02-25
16,贵州省,146,104,2,2020-02-25
17,安徽省,989,712,6,2020-02-25
18,上海市,336,268,3,2020-02-25
19,云南省,174,129,2,2020-02-25
20,山西省,133,96,0,2020-02-25
21,宁夏回族自治区,71,61,0,2020-02-25
22,北京市,400,215,4,2020-02-25
23,江苏省,631,458,0,2020-02-25
24,辽宁省,121,83,1,2020-02-25
25,重庆市,576,349,6,2020-02-25
26,甘肃省,91,80,2,2020-02-24
27,天津市,135,87,3,2020-02-24
28,新疆维吾尔自治区,76,30,2,2020-02-24
29,山西省,132,91,0,2020-02-24
30,内蒙古自治区,75,34,0,2020-02-24
31,黑龙江省,480,227,12,2020-02-24
32,江苏省,631,452,0,2020-02-24
33,陕西省,245,173,1,2020-02-24
34,海南省,168,116,5,2020-02-24
35,湖南省,1016,731,4,2020-02-24
36,四川省,527,276,3,2020-02-24
37,河北省,311,234,6,2020-02-24
38,河南省,1271,943,19,2020-02-24
39,湖北省,64287,16748,2495,2020-02-24
40,山东省,755,343,5,2020-02-24
41,广东省,1345,786,6,2020-02-24
42,福建省,293,183,1,2020-02-24
43,浙江省,1205,782,1,2020-02-24
44,安徽省,989,663,6,2020-02-24
45,云南省,174,128,2,2020-02-24
46,吉林省,93,60,1,2020-02-24
47,上海市,335,261,3,2020-02-24
48,广西壮族自治区,251,112,2,2020-02-24
49,辽宁省,121,80,1,2020-02-24
50,宁夏回族自治区,71,58,0,2020-02-24
51,江西省,934,645,1,2020-02-24
52,北京市,399,198,4,2020-02-24
53,重庆市,575,335,6,2020-02-24
54,新疆维吾尔自治区,76,28,2,2020-02-23
55,黑龙江省,480,222,12,2020-02-23
56,辽宁省,121,73,1,2020-02-23
57,甘肃省,91,78,2,2020-02-23
58,天津市,135,81,3,2020-02-23
59,贵州省,146,102,2,2020-02-23
60,吉林省,91,54,1,2020-02-23
61,湖北省,64084,15343,2346,2020-02-23
62,浙江省,1205,760,1,2020-02-23
63,陕西省,245,163,1,2020-02-23
64,山东省,754,321,4,2020-02-23
65,河北省,311,219,6,2020-02-23
66,山西省,132,89,0,2020-02-23
67,广东省,1342,755,6,2020-02-23
68,河南省,1271,868,19,2020-02-23
69,安徽省,989,637,6,2020-02-23
70,江西省,934,613,1,2020-02-23
71,湖南省,1016,714,4,2020-02-23
72,四川省,526,261,3,2020-02-23
73,重庆市,573,328,6,2020-02-23
74,江苏省,631,418,0,2020-02-23
75,北京市,399,189,4,2020-02-23
76,广西壮族自治区,249,106,2,2020-02-23
77,福建省,293,170,1,2020-02-23
78,上海市,335,249,3,2020-02-23
79,海南省,168,106,4,2020-02-23
80,云南省,174,115,2,2020-02-23
81,内蒙古自治区,75,27,0,2020-02-23
82,宁夏回族自治区,71,56,0,2020-02-23
83,青海省,18,18,0,2020-02-23
84,西藏自治区,1,1,0,2020-02-23
85,河南省,1270,830,19,2020-02-22
86,福建省,293,162,1,2020-02-22
87,内蒙古自治区,75,23,0,2020-02-22
88,湖北省,63454,13690,2250,2020-02-22
89,四川省,526,250,3,2020-02-22
90,河北省,309,203,6,2020-02-22
91,天津市,135,65,3,2020-02-22
92,吉林省,91,52,1,2020-02-22
93,浙江省,1205,719,1,2020-02-22
94,黑龙江省,479,204,12,2020-02-22
95,新疆维吾尔自治区,76,25,2,2020-02-22
96,广东省,1339,728,5,2020-02-22
97,湖南省,1013,692,4,2020-02-22
98,海南省,168,104,4,2020-02-22
99,陕西省,245,149,1,2020-02-22
100,山东省,750,302,4,2020-02-22
101,山西省,132,79,0,2020-02-22
102,安徽省,989,597,6,2020-02-22
103,江苏省,631,401,0,2020-02-22
104,上海市,335,227,3,2020-02-22
105,江西省,934,555,1,2020-02-22
106,广西壮族自治区,249,104,2,2020-02-22
107,云南省,174,107,2,2020-02-22
108,辽宁省,121,66,1,2020-02-22
109,北京市,399,178,4,2020-02-22
110,贵州省,146,90,2,2020-02-22
111,重庆市,572,316,6,2020-02-22
112,湖南省,1011,661,4,2020-02-21
113,甘肃省,91,76,2,2020-02-21
114,新疆维吾尔自治区,76,24,1,2020-02-21
115,河南省,1267,736,19,2020-02-21
116,湖北省,62662,11881,2144,2020-02-21
117,四川省,525,231,3,2020-02-21
118,河北省,308,184,5,2020-02-21
119,贵州省,146,77,2,2020-02-21
120,天津市,132,62,3,2020-02-21
121,黑龙江省,479,175,12,2020-02-21
122,江苏省,631,373,0,2020-02-21
123,广西壮族自治区,246,97,2,2020-02-21
124,福建省,293,149,1,2020-02-21
125,陕西省,245,134,1,2020-02-21
126,浙江省,1203,679,1,2020-02-21
127,山东省,749,281,4,2020-02-21
128,广东省,1333,690,5,2020-02-21
129,安徽省,988,539,6,2020-02-21
130,海南省,168,95,4,2020-02-21
131,吉林省,91,45,1,2020-02-21
132,内蒙古自治区,75,17,0,2020-02-21
133,宁夏回族自治区,71,48,0,2020-02-21
134,云南省,174,96,2,2020-02-21
135,上海市,334,211,2,2020-02-21
136,青海省,18,18,0,2020-02-21
137,辽宁省,121,61,1,2020-02-21
138,江西省,934,489,1,2020-02-21
139,北京市,396,169,4,2020-02-21
140,重庆市,567,299,6,2020-02-21
141,山西省,132,76,0,2020-02-21
142,湖北省,62031,10521,2029,2020-02-20
143,甘肃省,91,71,2,2020-02-20
144,河南省,1265,637,19,2020-02-20
145,新疆维吾尔自治区,76,22,1,2020-02-20
146,天津市,131,59,3,2020-02-20
147,江苏省,631,356,0,2020-02-20
148,内蒙古自治区,75,16,0,2020-02-20
149,福建省,293,126,1,2020-02-20
150,广东省,1332,642,5,2020-02-20
151,浙江省,1175,633,1,2020-02-20
152,湖南省,1010,634,4,2020-02-20
153,山东省,546,254,4,2020-02-20
154,河北省,307,169,5,2020-02-20
155,海南省,168,86,4,2020-02-20
156,安徽省,987,474,6,2020-02-20
157,四川省,520,217,3,2020-02-20
158,陕西省,245,118,1,2020-02-20
159,黑龙江省,476,136,12,2020-02-20
160,广西壮族自治区,245,90,2,2020-02-20
161,贵州省,146,72,2,2020-02-20
162,吉林省,91,43,1,2020-02-20
163,山西省,131,73,0,2020-02-20
164,辽宁省,121,59,1,2020-02-20
165,上海市,334,199,2,2020-02-20
166,云南省,173,79,1,2020-02-20
167,江西省,934,433,1,2020-02-20
168,宁夏回族自治区,71,44,0,2020-02-20
169,北京市,395,153,4,2020-02-20
170,重庆市,560,274,5,2020-02-20
171,安徽省,986,413,6,2020-02-19
172,湖北省,61682,9336,1921,2020-02-19
173,四川省,514,188,3,2020-02-19
174,甘肃省,91,65,2,2020-02-19
175,河北省,306,152,4,2020-02-19
176,山西省,131,63,0,2020-02-19
177,天津市,130,54,3,2020-02-19
178,河南省,1262,573,19,2020-02-19
179,江苏省,631,318,0,2020-02-19
180,山东省,544,231,3,2020-02-19
181,福建省,293,112,0,2020-02-19
182,浙江省,1174,604,0,2020-02-19
183,湖南省,1008,561,4,2020-02-19
184,黑龙江省,470,120,12,2020-02-19
185,内蒙古自治区,75,10,0,2020-02-19
186,贵州省,146,70,2,2020-02-19
187,广东省,1331,606,5,2020-02-19
188,陕西省,242,102,0,2020-02-19
189,海南省,163,84,4,2020-02-19
190,广西壮族自治区,244,86,2,2020-02-19
191,新疆维吾尔自治区,76,20,1,2020-02-19
192,吉林省,90,37,1,2020-02-19
193,云南省,173,60,1,2020-02-19
194,上海市,333,186,2,2020-02-19
195,青海省,18,16,0,2020-02-19
196,北京市,393,147,4,2020-02-19
197,宁夏回族自治区,71,42,0,2020-02-19
198,辽宁省,121,55,1,2020-02-19
199,江西省,934,362,1,2020-02-19
200,重庆市,555,254,5,2020-02-19
201,甘肃省,91,62,2,2020-02-18
202,山西省,130,60,0,2020-02-18
203,河南省,1257,522,19,2020-02-18
204,陕西省,240,89,0,2020-02-18
205,天津市,128,48,3,2020-02-18
206,广东省,1328,565,4,2020-02-18
207,安徽省,982,361,6,2020-02-18
208,湖南省,1007,527,4,2020-02-18
209,河北省,302,136,4,2020-02-18
210,贵州省,146,66,2,2020-02-18
211,辽宁省,121,53,1,2020-02-18
212,江苏省,629,280,0,2020-02-18
213,四川省,508,169,3,2020-02-18
214,广西壮族自治区,242,69,2,2020-02-18
215,浙江省,1172,535,0,2020-02-18
216,山东省,543,211,3,2020-02-18
217,湖北省,59989,7943,1789,2020-02-18
218,黑龙江省,464,111,11,2020-02-18
219,海南省,163,79,4,2020-02-18
220,宁夏回族自治区,70,42,0,2020-02-18
221,上海市,333,177,1,2020-02-18
222,福建省,292,93,0,2020-02-18
223,云南省,172,57,0,2020-02-18
224,重庆市,553,235,5,2020-02-18
225,吉林省,89,36,1,2020-02-18
226,青海省,18,15,0,2020-02-18
227,北京市,387,122,4,2020-02-18
228,内蒙古自治区,73,8,0,2020-02-18
229,江西省,933,310,1,2020-02-18
230,新疆维吾尔自治区,76,12,1,2020-02-18
231,河南省,1246,509,16,2020-02-17
232,甘肃省,91,58,2,2020-02-17
233,重庆市,552,214,5,2020-02-17
234,四川省,495,156,3,2020-02-17
235,河北省,301,122,3,2020-02-17
236,广东省,1322,524,4,2020-02-17
237,天津市,125,46,3,2020-02-17
238,湖北省,58182,6693,1696,2020-02-17
239,湖南省,1006,498,3,2020-02-17
240,陕西省,240,79,0,2020-02-17
241,山西省,129,51,0,2020-02-17
242,浙江省,1171,507,0,2020-02-17
243,辽宁省,121,43,1,2020-02-17
244,贵州省,146,57,1,2020-02-17
245,山东省,541,191,2,2020-02-17
246,海南省,163,59,4,2020-02-17
247,吉林省,89,34,1,2020-02-17
248,宁夏回族自治区,70,35,0,2020-02-17
249,江苏省,626,258,0,2020-02-17
250,福建省,290,90,0,2020-02-17
251,广西壮族自治区,238,53,2,2020-02-17
252,云南省,171,47,0,2020-02-17
253,安徽省,973,280,6,2020-02-17
254,黑龙江省,457,85,11,2020-02-17
255,上海市,332,161,1,2020-02-17
256,内蒙古自治区,72,8,0,2020-02-17
257,新疆维吾尔自治区,75,12,1,2020-02-17
258,江西省,930,275,1,2020-02-17
259,北京市,381,114,4,2020-02-17
260,河南省,1231,440,13,2020-02-16
261,黑龙江省,445,79,11,2020-02-16
262,陕西省,236,71,0,2020-02-16
263,甘肃省,90,54,2,2020-02-16
264,山西省,128,49,0,2020-02-16
265,湖南省,1004,464,3,2020-02-16
266,天津市,124,45,3,2020-02-16
267,广东省,1316,465,2,2020-02-16
268,山东省,537,173,2,2020-02-16
269,福建省,287,82,0,2020-02-16
270,河北省,300,105,3,2020-02-16
271,广西壮族自治区,237,49,2,2020-02-16
272,海南省,162,52,4,2020-02-16
273,辽宁省,121,40,1,2020-02-16
274,湖北省,56249,5666,1596,2020-02-16
275,江西省,925,240,1,2020-02-16
276,四川省,481,131,3,2020-02-16
277,北京市,380,108,4,2020-02-16
278,吉林省,89,30,1,2020-02-16
279,云南省,171,42,0,2020-02-16
280,浙江省,1167,456,0,2020-02-16
281,江苏省,617,218,0,2020-02-16
282,贵州省,144,46,1,2020-02-16
283,安徽省,962,255,6,2020-02-16
284,内蒙古自治区,70,8,0,2020-02-16
285,新疆维吾尔自治区,71,12,1,2020-02-16
286,重庆市,547,187,5,2020-02-16
287,上海市,328,140,1,2020-02-16
288,上海市,326,124,1,2020-02-15
289,湖北省,54406,4821,1457,2020-02-15
290,贵州省,143,41,1,2020-02-15
291,广东省,1294,410,2,2020-02-15
292,内蒙古自治区,68,7,0,2020-02-15
293,天津市,122,37,3,2020-02-15
294,湖南省,1001,425,2,2020-02-15
295,福建省,285,71,0,2020-02-15
296,河北省,291,101,3,2020-02-15
297,河南省,1212,391,13,2020-02-15
298,安徽省,950,221,6,2020-02-15
299,江苏省,604,186,0,2020-02-15
300,陕西省,232,60,0,2020-02-15
301,吉林省,88,26,1,2020-02-15
302,甘肃省,90,49,2,2020-02-15
303,重庆市,538,184,5,2020-02-15
304,黑龙江省,425,68,11,2020-02-15
305,浙江省,1162,428,0,2020-02-15
306,山东省,532,156,2,2020-02-15
307,海南省,162,39,4,2020-02-15
308,北京市,375,98,4,2020-02-15
309,辽宁省,119,31,1,2020-02-15
310,新疆维吾尔自治区,70,10,1,2020-02-15
311,四川省,470,119,1,2020-02-15
312,宁夏回族自治区,70,33,0,2020-02-15
313,青海省,18,13,0,2020-02-15
314,广西壮族自治区,235,44,2,2020-02-15
315,云南省,168,42,0,2020-02-15
316,山西省,127,42,0,2020-02-15
317,江西省,913,210,1,2020-02-15
318,广西壮族自治区,226,36,2,2020-02-14
319,海南省,159,43,4,2020-02-14
320,辽宁省,119,29,1,2020-02-14
321,浙江省,1155,403,0,2020-02-14
322,黑龙江省,419,47,11,2020-02-14
323,广东省,1261,362,2,2020-02-14
324,河南省,1184,357,11,2020-02-14
325,安徽省,934,193,6,2020-02-14
326,陕西省,230,54,0,2020-02-14
327,云南省,162,36,0,2020-02-14
328,山东省,523,136,2,2020-02-14
329,四川省,463,114,1,2020-02-14
330,福建省,281,63,0,2020-02-14
331,河北省,283,87,3,2020-02-14
332,天津市,120,31,3,2020-02-14
333,湖北省,51986,3900,1318,2020-02-14
334,江苏省,593,157,0,2020-02-14
335,湖南省,988,364,2,2020-02-14
336,重庆市,532,139,5,2020-02-14
337,北京市,372,80,3,2020-02-14
338,山西省,126,38,0,2020-02-14
339,上海市,318,90,1,2020-02-14
340,内蒙古自治区,65,6,0,2020-02-14
341,贵州省,140,28,1,2020-02-14
342,宁夏回族自治区,67,24,0,2020-02-14
343,江西省,900,187,1,2020-02-14
344,新疆维吾尔自治区,65,6,1,2020-02-14
345,吉林省,86,25,1,2020-02-14
346,甘肃省,90,39,2,2020-02-13
347,新疆维吾尔自治区,63,6,1,2020-02-13
348,河南省,1169,296,10,2020-02-13
349,辽宁省,117,22,1,2020-02-13
350,湖北省,48206,3459,1310,2020-02-13
351,浙江省,1145,360,0,2020-02-13
352,重庆市,525,128,3,2020-02-13
353,北京市,366,69,3,2020-02-13
354,广东省,1241,314,2,2020-02-13
355,安徽省,910,157,5,2020-02-13
356,山东省,509,105,2,2020-02-13
357,四川省,451,104,1,2020-02-13
358,吉林省,84,24,1,2020-02-13
359,江西省,872,170,1,2020-02-13
360,湖南省,968,339,2,2020-02-13
361,江苏省,570,139,0,2020-02-13
362,黑龙江省,395,33,9,2020-02-13
363,上海市,315,62,1,2020-02-13
364,河北省,265,68,3,2020-02-13
365,广西壮族自治区,222,33,2,2020-02-13
366,陕西省,229,46,0,2020-02-13
367,云南省,156,27,0,2020-02-13
368,海南省,157,30,4,2020-02-13
369,贵州省,135,27,1,2020-02-13
370,天津市,117,21,3,2020-02-13
371,山西省,126,33,0,2020-02-13
372,内蒙古自治区,61,6,0,2020-02-13
373,福建省,279,57,0,2020-02-13
374,青海省,18,11,0,2020-02-13
375,宁夏回族自治区,64,24,0,2020-02-13
376,西藏自治区,1,1,0,2020-02-13
377,广西壮族自治区,222,32,1,2020-02-12
378,天津市,112,11,2,2020-02-12
379,甘肃省,86,29,2,2020-02-12
380,湖北省,33366,2686,1068,2020-02-12
381,河南省,1135,246,8,2020-02-12
382,江苏省,543,125,0,2020-02-12
383,黑龙江省,378,31,8,2020-02-12
384,云南省,154,26,0,2020-02-12
385,吉林省,83,22,1,2020-02-12
386,辽宁省,116,20,1,2020-02-12
387,湖南省,946,304,2,2020-02-12
388,四川省,436,92,1,2020-02-12
389,广东省,1219,275,1,2020-02-12
390,福建省,272,53,0,2020-02-12
391,山东省,497,92,2,2020-02-12
392,河北省,251,54,2,2020-02-12
393,陕西省,225,43,0,2020-02-12
394,内蒙古自治区,60,6,0,2020-02-12
395,宁夏回族自治区,58,24,0,2020-02-12
396,浙江省,1131,321,0,2020-02-12
397,安徽省,889,127,4,2020-02-12
398,山西省,124,33,0,2020-02-12
399,贵州省,133,18,1,2020-02-12
400,海南省,157,27,3,2020-02-12
401,重庆市,509,87,3,2020-02-12
402,上海市,311,57,1,2020-02-12
403,青海省,18,9,0,2020-02-12
404,西藏自治区,1,1,0,2020-02-12
405,北京市,352,56,3,2020-02-12
406,新疆维吾尔自治区,59,3,0,2020-02-12
407,江西省,844,152,1,2020-02-12
408,广西壮族自治区,215,33,1,2020-02-11
409,甘肃省,86,24,2,2020-02-11
410,海南省,144,20,3,2020-02-11
411,天津市,105,10,2,2020-02-11
412,湖北省,31728,2310,974,2020-02-11
413,广东省,1177,212,1,2020-02-11
414,河南省,1105,218,7,2020-02-11
415,江西省,804,128,1,2020-02-11
416,福建省,267,45,0,2020-02-11
417,贵州省,127,17,1,2020-02-11
418,浙江省,1117,270,0,2020-02-11
419,湖南省,912,247,1,2020-02-11
420,山西省,122,30,0,2020-02-11
421,辽宁省,111,19,0,2020-02-11
422,山东省,487,80,1,2020-02-11
423,四川省,417,85,1,2020-02-11
424,黑龙江省,360,28,8,2020-02-11
425,河北省,239,48,2,2020-02-11
426,青海省,18,5,0,2020-02-11
427,宁夏回族自治区,53,22,0,2020-02-11
428,安徽省,860,105,4,2020-02-11
429,云南省,153,20,0,2020-02-11
430,新疆维吾尔自治区,55,3,0,2020-02-11
431,重庆市,489,72,2,2020-02-11
432,江苏省,515,93,0,2020-02-11
433,吉林省,81,18,1,2020-02-11
434,上海市,303,52,1,2020-02-11
435,陕西省,219,32,0,2020-02-11
436,北京市,342,48,3,2020-02-11
437,天津市,95,8,1,2020-02-10
438,浙江省,1092,242,0,2020-02-10
439,吉林省,80,13,1,2020-02-10
440,广西壮族自治区,210,24,1,2020-02-10
441,福建省,261,39,0,2020-02-10
442,江苏省,492,81,0,2020-02-10
443,辽宁省,108,13,0,2020-02-10
444,江西省,771,105,1,2020-02-10
445,湖南省,879,208,1,2020-02-10
446,河南省,1073,191,6,2020-02-10
447,广东省,1159,167,1,2020-02-10
448,湖北省,29631,1854,871,2020-02-10
449,陕西省,213,30,0,2020-02-10
450,重庆市,473,66,2,2020-02-10
451,贵州省,109,10,1,2020-02-10
452,四川省,405,80,1,2020-02-10
453,河北省,218,41,2,2020-02-10
454,云南省,149,19,0,2020-02-10
455,山东省,466,66,1,2020-02-10
456,海南省,138,19,3,2020-02-10
457,黑龙江省,331,30,7,2020-02-10
458,安徽省,830,88,3,2020-02-10
459,甘肃省,83,17,2,2020-02-10
460,上海市,299,48,1,2020-02-10
461,内蒙古自治区,58,5,0,2020-02-10
462,北京市,337,44,2,2020-02-10
463,宁夏回族自治区,49,13,0,2020-02-10
464,新疆维吾尔自治区,49,0,0,2020-02-10
465,山西省,119,25,0,2020-02-10
466,广东省,1131,141,1,2020-02-09
467,山东省,444,63,1,2020-02-09
468,海南省,131,19,3,2020-02-09
469,河北省,206,34,2,2020-02-09
470,四川省,386,71,1,2020-02-09
471,湖南省,838,186,1,2020-02-09
472,辽宁省,107,12,0,2020-02-09
473,重庆市,450,50,2,2020-02-09
474,浙江省,1075,201,0,2020-02-09
475,甘肃省,79,15,1,2020-02-09
476,上海市,293,44,1,2020-02-09
477,河南省,1033,153,6,2020-02-09
478,湖北省,27100,1480,780,2020-02-09
479,江西省,740,74,0,2020-02-09
480,江苏省,468,71,0,2020-02-09
481,贵州省,99,7,1,2020-02-09
482,安徽省,779,72,1,2020-02-09
483,福建省,250,35,0,2020-02-09
484,山西省,115,22,0,2020-02-09
485,吉林省,78,12,1,2020-02-09
486,云南省,141,18,0,2020-02-09
487,黑龙江省,307,14,6,2020-02-09
488,天津市,90,4,1,2020-02-09
489,北京市,326,37,2,2020-02-09
490,陕西省,208,25,0,2020-02-09
491,内蒙古自治区,54,5,0,2020-02-09
492,宁夏回族自治区,45,13,0,2020-02-09
493,广西壮族自治区,195,18,1,2020-02-09
494,新疆维吾尔自治区,45,0,0,2020-02-09
495,四川省,364,60,1,2020-02-08
496,甘肃省,79,12,1,2020-02-08
497,河南省,981,116,4,2020-02-08
498,湖北省,24953,1218,699,2020-02-08
499,湖南省,803,156,1,2020-02-08
500,辽宁省,105,8,0,2020-02-08
501,广东省,1095,112,1,2020-02-08
502,山东省,416,44,0,2020-02-08
503,河北省,195,30,1,2020-02-08
504,重庆市,428,39,2,2020-02-08
505,浙江省,1048,175,0,2020-02-08
506,海南省,124,14,2,2020-02-08
507,江苏省,439,51,0,2020-02-08
508,陕西省,195,20,0,2020-02-08
509,宁夏回族自治区,45,15,0,2020-02-08
510,云南省,138,17,0,2020-02-08
511,黑龙江省,295,13,5,2020-02-08
512,天津市,88,4,1,2020-02-08
513,福建省,239,24,0,2020-02-08
514,安徽省,733,59,0,2020-02-08
515,山西省,104,20,0,2020-02-08
516,贵州省,89,7,1,2020-02-08
517,上海市,286,41,1,2020-02-08
518,广西壮族自治区,183,17,0,2020-02-08
519,内蒙古自治区,52,5,0,2020-02-08
520,新疆维吾尔自治区,42,0,0,2020-02-08
521,北京市,315,34,2,2020-02-08
522,江西省,698,55,0,2020-02-08
523,吉林省,69,4,1,2020-02-08
524,辽宁省,99,7,0,2020-02-07
525,湖北省,22112,867,618,2020-02-07
526,江苏省,408,43,0,2020-02-07
527,河南省,914,86,3,2020-02-07
528,福建省,224,20,0,2020-02-07
529,海南省,117,10,2,2020-02-07
530,山西省,96,15,0,2020-02-07
531,重庆市,415,31,2,2020-02-07
532,河北省,172,22,1,2020-02-07
533,湖南省,772,112,0,2020-02-07
534,浙江省,1006,123,0,2020-02-07
535,山东省,386,37,0,2020-02-07
536,内蒙古自治区,50,5,0,2020-02-07
537,宁夏回族自治区,43,5,0,2020-02-07
538,贵州省,81,6,1,2020-02-07
539,广东省,1034,88,1,2020-02-07
540,云南省,136,13,0,2020-02-07
541,四川省,344,42,1,2020-02-07
542,陕西省,184,17,0,2020-02-07
543,黑龙江省,277,12,3,2020-02-07
544,上海市,277,30,1,2020-02-07
545,天津市,81,2,1,2020-02-07
546,安徽省,665,47,0,2020-02-07
547,新疆维吾尔自治区,39,0,0,2020-02-07
548,北京市,297,33,1,2020-02-07
549,甘肃省,67,9,0,2020-02-07
550,广西壮族自治区,172,17,0,2020-02-07
551,江西省,661,45,0,2020-02-07
552,吉林省,65,4,1,2020-02-07
553,辽宁省,94,5,0,2020-02-06
554,吉林省,59,4,0,2020-02-06
555,山西省,90,12,0,2020-02-06
556,河北省,157,13,1,2020-02-06
557,陕西省,173,9,0,2020-02-06
558,重庆市,400,24,2,2020-02-06
559,安徽省,591,34,0,2020-02-06
560,湖南省,711,81,0,2020-02-06
561,广东省,970,69,0,2020-02-06
562,湖北省,19665,712,549,2020-02-06
563,河南省,851,56,2,2020-02-06
564,海南省,106,8,1,2020-02-06
565,福建省,215,14,0,2020-02-06
566,浙江省,954,94,0,2020-02-06
567,贵州省,71,6,1,2020-02-06
568,云南省,133,7,0,2020-02-06
569,黑龙江省,227,8,3,2020-02-06
570,四川省,321,31,1,2020-02-06
571,江苏省,373,34,0,2020-02-06
572,山东省,347,27,0,2020-02-06
573,新疆维吾尔自治区,36,0,0,2020-02-06
574,上海市,257,25,1,2020-02-06
575,天津市,78,2,1,2020-02-06
576,北京市,274,31,1,2020-02-06
577,广西壮族自治区,168,14,0,2020-02-06
578,江西省,600,37,0,2020-02-06
579,内蒙古自治区,46,4,0,2020-02-06
580,青海省,18,3,0,2020-02-06
581,宁夏回族自治区,40,1,0,2020-02-06
582,甘肃省,62,6,0,2020-02-06
583,湖北省,16678,536,479,2020-02-05
584,辽宁省,89,4,0,2020-02-05
585,山西省,81,5,0,2020-02-05
586,河南省,764,47,2,2020-02-05
587,湖南省,661,54,0,2020-02-05
588,甘肃省,57,6,0,2020-02-05
589,浙江省,895,78,0,2020-02-05
590,安徽省,530,23,0,2020-02-05
591,广东省,895,49,0,2020-02-05
592,江苏省,341,23,0,2020-02-05
593,贵州省,64,9,1,2020-02-05
594,福建省,205,11,0,2020-02-05
595,黑龙江省,190,7,2,2020-02-05
596,广西壮族自治区,150,13,0,2020-02-05
597,河北省,135,6,1,2020-02-05
598,海南省,91,5,1,2020-02-05
599,吉林省,54,2,0,2020-02-05
600,山东省,307,15,0,2020-02-05
601,四川省,301,24,1,2020-02-05
602,重庆市,376,15,2,2020-02-05
603,内蒙古自治区,42,3,0,2020-02-05
604,陕西省,165,6,0,2020-02-05
605,云南省,124,5,0,2020-02-05
606,上海市,243,15,1,2020-02-05
607,北京市,253,24,1,2020-02-05
608,天津市,69,2,1,2020-02-05
609,青海省,17,3,0,2020-02-05
610,新疆维吾尔自治区,32,0,0,2020-02-05
611,江西省,548,27,0,2020-02-05
612,甘肃省,57,4,0,2020-02-04
613,江西省,476,20,0,2020-02-04
614,河南省,675,27,2,2020-02-04
615,辽宁省,81,2,0,2020-02-04
616,湖南省,593,31,0,2020-02-04
617,四川省,282,14,1,2020-02-04
618,天津市,67,2,0,2020-02-04
619,广东省,813,30,0,2020-02-04
620,浙江省,829,62,0,2020-02-04
621,山西省,74,4,0,2020-02-04
622,陕西省,142,2,0,2020-02-04
623,上海市,219,12,1,2020-02-04
624,新疆维吾尔自治区,29,0,0,2020-02-04
625,福建省,194,3,0,2020-02-04
626,山东省,275,11,0,2020-02-04
627,江苏省,308,12,0,2020-02-04
628,海南省,80,5,1,2020-02-04
629,贵州省,58,2,0,2020-02-04
630,湖北省,13522,397,414,2020-02-04
631,河北省,126,4,1,2020-02-04
632,北京市,228,23,1,2020-02-04
633,重庆市,344,9,2,2020-02-04
634,西藏自治区,1,0,0,2020-02-04
635,黑龙江省,155,4,2,2020-02-04
636,云南省,119,5,0,2020-02-04
637,广西壮族自治区,139,10,0,2020-02-04
638,安徽省,480,20,0,2020-02-04
639,吉林省,42,1,0,2020-02-04
640,内蒙古自治区,35,1,0,2020-02-04
641,宁夏回族自治区,34,1,0,2020-02-04
642,青海省,15,0,0,2020-02-04
643,安徽省,408,14,0,2020-02-03
644,河南省,566,16,2,2020-02-03
645,山东省,259,7,0,2020-02-03
646,海南省,72,4,1,2020-02-03
647,辽宁省,74,1,0,2020-02-03
648,天津市,60,1,0,2020-02-03
649,湖北省,11177,300,350,2020-02-03
650,浙江省,724,43,0,2020-02-03
651,广东省,725,21,0,2020-02-03
652,云南省,114,5,0,2020-02-03
653,广西壮族自治区,127,7,0,2020-02-03
654,福建省,179,1,0,2020-02-03
655,四川省,254,14,1,2020-02-03
656,江苏省,271,8,0,2020-02-03
657,湖南省,521,22,0,2020-02-03
658,北京市,212,12,1,2020-02-03
659,宁夏回族自治区,31,1,0,2020-02-03
660,重庆市,312,8,2,2020-02-03
661,上海市,203,10,1,2020-02-03
662,黑龙江省,121,2,2,2020-02-03
663,新疆维吾尔自治区,24,0,0,2020-02-03
664,山西省,66,2,0,2020-02-03
665,青海省,13,0,0,2020-02-03
666,内蒙古自治区,34,1,0,2020-02-03
667,陕西省,128,0,0,2020-02-03
668,江西省,391,18,0,2020-02-03
669,河北省,113,3,1,2020-02-03
670,甘肃省,51,3,0,2020-02-03
671,贵州省,46,2,0,2020-02-03
672,吉林省,31,1,0,2020-02-03
673,海南省,64,4,1,2020-02-02
674,河南省,493,10,2,2020-02-02
675,甘肃省,40,3,0,2020-02-02
676,辽宁省,70,1,0,2020-02-02
677,江西省,333,12,0,2020-02-02
678,四川省,231,11,1,2020-02-02
679,安徽省,340,7,0,2020-02-02
680,湖南省,463,16,0,2020-02-02
681,浙江省,661,32,0,2020-02-02
682,广东省,632,15,0,2020-02-02
683,湖北省,9074,267,294,2020-02-02
684,江苏省,236,7,0,2020-02-02
685,天津市,48,1,0,2020-02-02
686,云南省,105,3,0,2020-02-02
687,山西省,56,2,0,2020-02-02
688,山东省,230,6,0,2020-02-02
689,北京市,191,9,1,2020-02-02
690,重庆市,275,7,1,2020-02-02
691,青海省,11,0,0,2020-02-02
692,西藏自治区,1,0,0,2020-02-02
693,上海市,182,10,1,2020-02-02
694,福建省,159,0,0,2020-02-02
695,内蒙古自治区,27,1,0,2020-02-02
696,陕西省,116,0,0,2020-02-02
697,黑龙江省,95,2,2,2020-02-02
698,河北省,104,3,1,2020-02-02
699,吉林省,23,1,0,2020-02-02
700,宁夏回族自治区,28,0,0,2020-02-02
701,贵州省,38,2,0,2020-02-02
702,新疆维吾尔自治区,21,0,0,2020-02-02
703,广西壮族自治区,111,2,0,2020-02-02
704,云南省,93,2,0,2020-02-01
705,天津市,41,0,0,2020-02-01
706,甘肃省,40,0,0,2020-02-01
707,辽宁省,64,1,0,2020-02-01
708,广东省,535,14,0,2020-02-01
709,江苏省,202,6,0,2020-02-01
710,安徽省,297,5,0,2020-02-01
711,吉林省,17,1,0,2020-02-01
712,青海省,9,0,0,2020-02-01
713,海南省,62,1,1,2020-02-01
714,河南省,422,3,2,2020-02-01
715,湖北省,7153,168,249,2020-02-01
716,重庆市,247,3,1,2020-02-01
717,湖南省,389,8,0,2020-02-01
718,浙江省,599,21,0,2020-02-01
719,黑龙江省,80,2,2,2020-02-01
720,新疆维吾尔自治区,18,0,0,2020-02-01
721,北京市,168,9,1,2020-02-01
722,上海市,169,10,1,2020-02-01
723,宁夏回族自治区,26,0,0,2020-02-01
724,山东省,206,3,0,2020-02-01
725,四川省,207,3,1,2020-02-01
726,福建省,144,0,0,2020-02-01
727,内蒙古自治区,23,1,0,2020-02-01
728,陕西省,101,0,0,2020-02-01
729,江西省,286,9,0,2020-02-01
730,广西壮族自治区,100,2,0,2020-02-01
731,河北省,96,0,1,2020-02-01
732,山西省,47,1,0,2020-02-01
733,浙江省,538,14,0,2020-01-31
734,湖北省,5806,141,204,2020-01-31
735,广东省,436,11,0,2020-01-31
736,江苏省,168,5,0,2020-01-31
737,内蒙古自治区,20,1,0,2020-01-31
738,贵州省,29,2,0,2020-01-31
739,云南省,83,1,0,2020-01-31
740,新疆维吾尔自治区,17,0,0,2020-01-31
741,上海市,135,9,1,2020-01-31
742,海南省,52,1,1,2020-01-31
743,北京市,139,5,1,2020-01-31
744,重庆市,211,1,0,2020-01-31
745,山东省,184,2,0,2020-01-31
746,河南省,352,3,2,2020-01-31
747,吉林省,14,1,0,2020-01-31
748,辽宁省,48,1,0,2020-01-31
749,福建省,120,0,0,2020-01-31
750,天津市,32,0,0,2020-01-31
751,陕西省,87,0,0,2020-01-31
752,宁夏回族自治区,21,0,0,2020-01-31
753,青海省,8,0,0,2020-01-31
754,湖南省,332,2,0,2020-01-31
755,黑龙江省,59,0,2,2020-01-31
756,江西省,240,7,0,2020-01-31
757,四川省,177,1,1,2020-01-31
758,安徽省,237,3,0,2020-01-31
759,广西壮族自治区,87,2,0,2020-01-31
760,河北省,82,0,1,2020-01-31
761,甘肃省,29,0,0,2020-01-31
762,山西省,39,1,0,2020-01-31
763,天津市,31,0,0,2020-01-30
764,黑龙江省,44,0,2,2020-01-30
765,湖北省,4903,90,162,2020-01-30
766,广东省,354,10,0,2020-01-30
767,青海省,8,0,0,2020-01-30
768,重庆市,182,1,0,2020-01-30
769,山东省,158,1,0,2020-01-30
770,上海市,112,5,1,2020-01-30
771,海南省,46,1,1,2020-01-30
772,湖南省,277,2,0,2020-01-30
773,辽宁省,41,1,0,2020-01-30
774,宁夏回族自治区,17,0,0,2020-01-30
775,河南省,278,2,2,2020-01-30
776,北京市,114,4,1,2020-01-30
777,江西省,162,5,0,2020-01-30
778,内蒙古自治区,18,0,0,2020-01-30
779,陕西省,63,0,0,2020-01-30
780,福建省,101,0,0,2020-01-30
781,云南省,70,0,0,2020-01-30
782,吉林省,14,1,0,2020-01-30
783,甘肃省,26,0,0,2020-01-30
784,浙江省,428,4,0,2020-01-30
785,新疆维吾尔自治区,14,0,0,2020-01-30
786,贵州省,12,1,0,2020-01-30
787,安徽省,200,2,0,2020-01-30
788,江苏省,129,1,0,2020-01-30
789,四川省,142,1,1,2020-01-30
790,广西壮族自治区,78,2,0,2020-01-30
791,河北省,65,0,1,2020-01-30
792,山西省,35,1,0,2020-01-30
793,北京市,111,4,1,2020-01-29
794,四川省,108,1,1,2020-01-29
795,辽宁省,39,1,0,2020-01-29
796,新疆维吾尔自治区,13,0,0,2020-01-29
797,天津市,27,0,0,2020-01-29
798,陕西省,56,0,0,2020-01-29
799,山西省,27,1,0,2020-01-29
800,湖北省,3554,87,125,2020-01-29
801,广东省,277,5,0,2020-01-29
802,云南省,55,0,0,2020-01-29
803,福建省,84,0,0,2020-01-29
804,上海市,96,5,1,2020-01-29
805,山东省,130,1,0,2020-01-29
806,黑龙江省,38,0,1,2020-01-29
807,安徽省,152,2,0,2020-01-29
808,贵州省,9,1,0,2020-01-29
809,重庆市,147,1,0,2020-01-29
810,内蒙古自治区,16,0,0,2020-01-29
811,宁夏回族自治区,12,0,0,2020-01-29
812,海南省,43,0,1,2020-01-29
813,吉林省,9,0,0,2020-01-29
814,江苏省,99,1,0,2020-01-29
815,甘肃省,24,0,0,2020-01-29
816,湖南省,221,0,0,2020-01-29
817,河北省,48,0,1,2020-01-29
818,浙江省,296,3,0,2020-01-29
819,河南省,206,1,2,2020-01-29
820,广西壮族自治区,58,2,0,2020-01-29
821,江西省,109,3,0,2020-01-29
822,北京市,91,4,1,2020-01-28
823,福建省,80,0,0,2020-01-28
824,辽宁省,34,0,0,2020-01-28
825,浙江省,173,3,0,2020-01-28
826,广东省,207,4,0,2020-01-28
827,广西壮族自治区,51,2,0,2020-01-28
828,湖北省,2714,52,100,2020-01-28
829,内蒙古自治区,15,0,0,2020-01-28
830,山东省,95,0,0,2020-01-28
831,湖南省,143,0,0,2020-01-28
832,江西省,72,3,0,2020-01-28
833,上海市,66,4,1,2020-01-28
834,陕西省,46,0,0,2020-01-28
835,云南省,44,0,0,2020-01-28
836,海南省,40,0,1,2020-01-28
837,天津市,24,0,0,2020-01-28
838,甘肃省,19,0,0,2020-01-28
839,吉林省,8,0,0,2020-01-28
840,河北省,33,0,1,2020-01-28
841,宁夏回族自治区,11,0,0,2020-01-28
842,新疆维吾尔自治区,10,0,0,2020-01-28
843,重庆市,132,0,0,2020-01-28
844,山西省,20,0,0,2020-01-28
845,四川省,90,0,0,2020-01-28
846,黑龙江省,30,0,1,2020-01-28
847,安徽省,106,0,0,2020-01-28
848,江苏省,70,1,0,2020-01-28
849,贵州省,9,0,0,2020-01-28
850,河南省,168,0,1,2020-01-28
851,北京市,80,2,1,2020-01-27
852,福建省,59,0,0,2020-01-27
853,青海省,6,0,0,2020-01-27
854,广东省,151,3,0,2020-01-27
855,天津市,22,0,0,2020-01-27
856,云南省,26,0,0,2020-01-27
857,海南省,33,0,1,2020-01-27
858,辽宁省,27,0,0,2020-01-27
859,山东省,75,1,0,2020-01-27
860,湖北省,1423,47,76,2020-01-27
861,上海市,53,3,1,2020-01-27
862,宁夏回族自治区,7,0,0,2020-01-27
863,江西省,48,1,0,2020-01-27
864,陕西省,35,0,0,2020-01-27
865,内蒙古自治区,11,0,0,2020-01-27
866,四川省,69,0,0,2020-01-27
867,新疆维吾尔自治区,5,0,0,2020-01-27
868,河北省,18,0,1,2020-01-27
869,重庆市,110,0,0,2020-01-27
870,甘肃省,14,0,0,2020-01-27
871,吉林省,6,0,0,2020-01-27
872,江苏省,47,1,0,2020-01-27
873,黑龙江省,21,0,1,2020-01-27
874,浙江省,128,1,0,2020-01-27
875,贵州省,7,0,0,2020-01-27
876,湖南省,100,0,0,2020-01-27
877,安徽省,70,0,0,2020-01-27
878,河南省,128,0,1,2020-01-27
879,广西壮族自治区,46,0,0,2020-01-27
880,山西省,13,0,0,2020-01-27
881,北京市,68,2,0,2020-01-26
882,云南省,16,0,0,2020-01-26
883,天津市,14,0,0,2020-01-26
884,福建省,35,0,0,2020-01-26
885,广东省,111,2,0,2020-01-26
886,广西壮族自治区,36,0,0,2020-01-26
887,辽宁省,21,0,0,2020-01-26
888,江苏省,33,1,0,2020-01-26
889,山东省,46,0,0,2020-01-26
890,湖北省,1058,42,52,2020-01-26
891,陕西省,22,0,0,2020-01-26
892,四川省,44,0,0,2020-01-26
893,海南省,22,0,0,2020-01-26
894,宁夏回族自治区,4,0,0,2020-01-26
895,河南省,83,0,1,2020-01-26
896,浙江省,104,1,0,2020-01-26
897,重庆市,75,0,0,2020-01-26
898,湖南省,69,0,0,2020-01-26
899,安徽省,60,0,0,2020-01-26
900,黑龙江省,15,0,1,2020-01-26
901,河北省,13,0,1,2020-01-26
902,甘肃省,7,0,0,2020-01-26
903,贵州省,5,0,0,2020-01-26
904,新疆维吾尔自治区,4,0,0,2020-01-26
905,江西省,36,0,0,2020-01-26
906,山西省,9,0,0,2020-01-26
907,内蒙古自治区,7,0,0,2020-01-26
908,澳门,2,0,0,2020-01-26
909,湖北省,730,32,39,2020-01-25
910,陕西省,15,0,0,2020-01-25
911,内蒙古自治区,7,0,0,2020-01-25
912,北京市,41,2,0,2020-01-25
913,海南省,19,0,0,2020-01-25
914,辽宁省,16,0,0,2020-01-25
915,云南省,11,0,0,2020-01-25
916,甘肃省,4,0,0,2020-01-25
917,青海省,1,0,0,2020-01-25
918,福建省,18,0,0,2020-01-25
919,山东省,27,0,0,2020-01-25
920,四川省,28,0,0,2020-01-25
921,宁夏回族自治区,3,0,0,2020-01-25
922,重庆市,57,0,0,2020-01-25
923,新疆维吾尔自治区,3,0,0,2020-01-25
924,江苏省,18,1,0,2020-01-25
925,贵州省,4,0,0,2020-01-25
926,吉林省,4,0,0,2020-01-25
927,黑龙江省,9,0,1,2020-01-25
928,河北省,8,0,1,2020-01-25
929,浙江省,62,1,0,2020-01-25
930,河南省,32,0,0,2020-01-25
931,湖南省,43,0,0,2020-01-25
932,安徽省,39,0,0,2020-01-25
933,广东省,78,2,0,2020-01-25
934,山西省,6,0,0,2020-01-25
935,江西省,18,0,0,2020-01-25
936,广西壮族自治区,23,0,0,2020-01-25
937,云南省,5,0,0,2020-01-24
938,广东省,53,2,0,2020-01-24
939,浙江省,43,1,0,2020-01-24
940,北京市,36,1,0,2020-01-24
941,重庆市,27,0,0,2020-01-24
942,湖南省,24,0,0,2020-01-24
943,四川省,15,0,0,2020-01-24
944,山东省,15,0,0,2020-01-24
945,安徽省,15,0,0,2020-01-24
946,广西壮族自治区,13,0,0,2020-01-24
947,河南省,9,0,0,2020-01-24
948,江苏省,9,0,0,2020-01-24
949,海南省,8,0,0,2020-01-24
950,江西省,7,0,0,2020-01-24
951,陕西省,5,0,0,2020-01-24
952,辽宁省,4,0,0,2020-01-24
953,福建省,10,0,0,2020-01-24
954,湖北省,549,31,24,2020-01-24
955,河北省,2,0,1,2020-01-24
956,黑龙江省,4,0,1,2020-01-24
957,宁夏回族自治区,2,0,0,2020-01-24
958,内蒙古自治区,2,0,0,2020-01-24
959,吉林省,3,0,0,2020-01-24
960,贵州省,3,0,0,2020-01-24
961,甘肃省,2,0,0,2020-01-24
962,山西省,1,0,0,2020-01-24
